id,name,level,charge,school,somatic,verbal,material,Mat-desc,consume,cost,cast,Cast-unit,ritual,duration,Duration-unit,concentration,range,Range-unit,target,Target-unit,Target-type,Acn-type,damage,Save-attr,show,descr,img
P8AYYAYOXXDCGM9B,Brace for Impact,0,n,abj,y,n,n,,n,,1,action,n,1,round,n,0,self,0,,self,util,,,n,"Extending your hands in front of you, you erect a thin, malleable barrier around yourself to help absorb the impact of incoming weapon attacks.  This grants you resistance against the physical aspects of weapon damage (bludgeoning, piercing, and slashing) until the end of your next turn.",icons/magic/defensive/barrier-shield-dome-deflect-teal.webp
MB7NWQ5H11LSIVV7,Caustic Needle,0,y,con,y,y,n,,n,,1,action,n,,inst,n,60,ft,1,,creature,rsak,"1d6,acid",,y,"<p>You form a needle of acidic material and thrust it towards a creature or an object that is not being worn or carried within range. Make a ranged spell attack against the target. On a hit, the target takes 1d6 acid damage and if it is a creature it gains the @Compendium[undertaking.conditions.R54LQEKSDXNQ3N75]{Bleeding} condition.</p><p>Each time you would inflict @Compendium[undertaking.conditions.R54LQEKSDXNQ3N75]{Bleeding} on a creature that is already at the maximum stacks, deal an additional 1d6 piercing damage instead.</p><p>&nbsp;</p><p>Charge: This is a spell that can be Charged, modifying its effects. Costs and effects are as follow:</p><ul><li>1 Mana: Inflict an additional stack of bleeding on a hit.</li><li>1 Mana: The acid damage is increased to 2d6.</li><li>2 Mana: The acid damage is increased to 3d6.</li></ul>",icons/magic/acid/projectile-needles-salvo-green.webp
127S65EU6LNRMM6M,Censorship,0,n,enc,n,y,n,,n,,1,minor,n,1,hour,y,60,ft,1,,creature,save,,pre,n,"Pick up to two words or one combination of words up to five words long and speak them.  One creature that you can see within range must make a Presence (Save) check.  On failure, the creature cannot speak, write, or mentally communicate the chosen words or phrase for the duration.",icons/skills/social/wave-halt-stop.webp
44UXH5FVH6EK2UI9,Disuse Atrophy,0,n,nec,y,n,n,,n,,1,action,n,1,minute,y,0,touch,1,,creature,util,,,n,"<p>The target living creature is affected by one of the following effects: </p><ul><li>The target has disadvantage on either Strength (Save) or Constitution (Save) checks for the duration.</li><li>If the creature has 0 hit points, the creature gains one level of @Compendium[undertaking.conditions.ERBR3AG01H4N1L91]{Exhaustion}.</li></ul><p>The effects of this spell cannot be stacked.  This spell has no effect on undead or constructs.</p>",icons/magic/unholy/hand-marked-pink.webp
AH9WKC83KALKQQ19,Elemental Cloak,0,y,tra,n,y,y,weapon,n,,1,action,n,,indef,y,0,touch,1,,object,util,,,n,"<p>Your weapon surrounds itself with an aura of the element of your choice from the following list: Fire, Cold, Lightning, or Force.  You can only choose one per casting, and it cannot be changed during the spell’s duration.<br>&nbsp;&nbsp;&nbsp;&nbsp;For the duration of the spell, the target weapon deals an extra 1d4 of the damage type chosen, on top of its normal damage.</p>",icons/magic/fire/dagger-rune-enchant-flame-strong-orange.webp
IJ97BYFB2ANTKOSW,Force of Will,0,n,con,y,y,n,,n,,1,action,n,1,minute,n,30,ft,,,object,util,,,n,"<p>Using a minor form of telekinesis, you force your will outward and find yourself able to manipulate objects for a short amount of time.<br>&nbsp;&nbsp;&nbsp;&nbsp;Anything you can see within 30 feet of you can be affected by this spell, and you can manipulate any object as you would with your own hand.  You can open a jar or unlocked door, pour a glass of tea, retrieve something from a bag that’s too far away, or put something back in it without having to get up.<br>&nbsp;&nbsp;&nbsp;&nbsp;This ability can only affect things that you could physically grab and move with your own hands.  <br>&nbsp;&nbsp;&nbsp;&nbsp;This effect lasts until the duration runs out, or it is dismissed.  You cannot use this ability to use a weapon to attack, activate magical items, and it has a carry limit of 5 pounds. </p>",icons/magic/unholy/strike-hand-glow-pink.webp
4XTJQ4LL9IHP54SB,Illusory Object,0,n,ill,y,n,y,a pinch of malleable material,n,,1,action,n,1,minute,n,30,ft,,,object,util,,,n,"<p>Picturing something that you've seen or imagined, you wave your hand and use your magic to visualize it within the world itself.  <br>You can do one of the following:</p><ul><li> Create up to three simple illusions that fit within 1 square foot.  So long as you can see the illusory object unobstructed, then you can re-form the image as a minor action, or move it up to a total of 30 feet per round, shared between each of your illusory objects, as a free action.  <ul><li>Simple illusions do not have intricate carvings, textures, or multiple parts.  A pocket watch might be a simple illusion, but no gears could be showing and it might lack a chain or any intricate designs.  </li></ul></li><li>Create one complex illusion that fits within 5 square feet.  So long as you can see the illusory object unobstructed, then you can re-form the image as an action, or move it up to a total of 15 feet per round as a minor action.  </li></ul><p><br>&nbsp;&nbsp;&nbsp;&nbsp;These illusory objects cannot give off light, sound, smell, or any other sensory effect, and are revealed as illusions when physically interacted with since objects pass through them.  If a creature examines an illusion, it can succeed in determining that it’s an illusion with a successful Intelligence (Investigation) check against your Spell Save DC.  Reduce the Spell Save DC by 3 for this roll if the illusory object is complex.  Attempting to simulate living creatures causes it to appear obviously illusory without the need to make a check.</p>",icons/consumables/drinks/clay-jar-glowing-orange-blue.webp
0JWJ9J7A2AMSNDK0,Jolt,0,y,evo,y,n,n,,n,,1,action,n,,inst,n,60,ft,1,,creature,rsak,"1d10,lightning",,y,"<p>A quick jolt of electricity leaps from your finger towards a visible target within range.  Make a ranged spell attack against the target, and if it hits, this spell deals 1d10 lightning damage.</p><p>&nbsp;</p><p>Charge: This is a spell that can be Charged, modifying its effects. Costs and effects are as follow:</p><ul><li> 1 Mana: The range is increased to 120 feet.</li><li> 1 Mana: The lightning damage is increased to 2d10.</li><li> 2 Mana: The lightning damage is increased to 3d10.</li></ul>",icons/magic/lightning/bolt-strike-streak-yellow.webp
NTGJ71IJ1VDA3GS9,Luminescence,0,n,evo,y,n,n,,n,,1,action,n,1,hour,n,0,self,0,,self,util,,,n,Your form glows with light at the casting of this spell.  You shed bright light in a radius of 15 feet and dim light for an additional 15 feet.  This light can be colored to your liking.,icons/magic/light/light-lantern-lit-white.webp
1UP8YL8Z33NMUI5P,Minor Wonder,0,n,tra,n,y,n,,n,,1,action,n,1,minute,n,30,ft,,,,util,,,n,"<p>With a spoken word, you invoke a minor, supernatural wonder.  You create one of the following effects within range:<ul><li>Your face or body glows with a faint light.  You faintly glow in the dark and cast dim light 5ft from you while glowing in this way.</li>  <li>Your voice booms and becomes three times as loud for 1 minute.</li>  <li>Harmless tremors shake the ground within range for 1 minute.</li>  <li>You can cause one ration to feed up to 5 people for a day.</li>  <li>You can cause up to 1 liter of water to turn into 1 liter of cheap wine or vice versa.</li><li>You create an instantaneous sound from a point within range, such as a rumble of thunder, rustling trees, the caw of a raven, or ominous whispers.  This cannot be used to mimic coherent voices or long-lasting, linear sounds, like music.</li>  <li>When used in a freshwater pond or river populated with fish, the first fish caught within the duration has 1gp in its mouth.  This can only be done once per long rest.</li></ul></p>",icons/magic/holy/prayer-hands-glowing-yellow-green.webp
0UML5AJIEZESNC56,Stability,0,n,enc,y,n,n,,n,,1,action,n,1,minute,y,0,touch,1,,creature,util,,,n,"<p>A living creature you touch begins to feel a solidarity and control in their system.  Choose two of the following effects to happen:</p><ul><li>If the creature has 0 hit points, the creature becomes stabilized.</li><li>The creature cannot be unwillingly moved from its spot for the duration.  This effect ends if the target chooses to move more than 5ft.</li><li>The creature is immune to being knocked @Compendium[undertaking.conditions.RK3DF56CKMQUV6DM]{Prone} for the duration.</li>  </li></ul><p>The effects of this spell cannot be stacked.  This spell has no effect on undead or constructs</p>",icons/environment/settlement/columned-forum.webp
NY714SIJXYY024UD,Alleviate,1,n,nec,y,n,n,,n,,1,action,y,1,minute,y,0,touch,1,,creature,util,,,n,"<p>Gently laying your hands upon a creature, one condition of your choice on the target is temporarily disabled for the duration.  @Compendium[undertaking.conditions.FGVFFYGPAFQGZ5RP]{Grappled}, @Compendium[undertaking.conditions.RK3DF56CKMQUV6DM]{Prone}, @Compendium[undertaking.conditions.1EK5V6KTYAWC6S69]{Restrained}, and @Compendium[undertaking.conditions.JCWGEKZSDQWLCE3O]{Suffocating} cannot be alleviated.<br>&nbsp;&nbsp;&nbsp;&nbsp;Should the creature receive the condition again, you must make a concentration check at disadvantage.  <br>&nbsp;&nbsp;&nbsp;&nbsp;Should the removed condition be @Compendium[undertaking.conditions.9KB959MRZ0H4IT4C]{Unconscious}, the creature awakes and is able to act as normal, but has 0 hit points, still makes death throws at the beginning of its turn, and takes damage as death throw fails.</p>",icons/magic/holy/barrier-shield-winged-cross.webp
7N5KBCOM40ZX65EO,Arcane Arrows,1,y,evo,y,y,n,,n,,1,action,n,,inst,n,120,ft,,,creature,other,"1d4+1,chaos",,n,"<p>Drawing your arms as if drawing a bow, three arrows of raw magic appear as if nocked in an unseen weapon.  With a flick of the hand, you send these three magic arrows outward and towards your foes.  These arrows hunt unerringly for their target and deal 1d4+1 chaos damage each.  <br>&nbsp;&nbsp;&nbsp;&nbsp;You have to be able to see the target for an arrow to hit them.  You can direct these arrows to hit one or several targets, and they all strike simultaneously.  However, a single arrow can only hit one target.<br><br>Charge: This spell can be Charged, increasing the spell’s damage.  Costs and effects are as follow: <ul><li>2 Mana: Casts an additional bolt</li><li>4 Mana: Casts two additional bolts</li></ul></p>",icons/weapons/ammunition/arrowhead-glowing-blue.webp
N4PE33ACTOXHF3FJ,Biting Wind,1,n,evo,y,y,n,,n,,1,action,n,1,minute,y,0,self,15,ft,sphere,save,"1d6,cold,1d6,slashing",dex,n,"<p>Throwing your hands out, you bring forth a sharp blast of cold wind outwards from yourself in a 15 foot diameter sphere centered on you.  <br>&nbsp;&nbsp;&nbsp;&nbsp;When you cast the spell, any creature within the sphere, except you, must succeed on a Dexterity (Save) check.  A failed throw results in being knocked back 10 feet and taking 1d6 cold damage and 1d6 slashing damage.  A successful save negates the push, and the creature takes half damage.  <br>&nbsp;&nbsp;&nbsp;&nbsp;On each of your turns until the spell ends or concentration is broken, you can use your action to cast the effects of this spell again at no extra cost.</p>",icons/magic/air/wind-weather-snow-gusts.webp
LO6PLV28RA6CBCLU,Burst Into Flames,1,y,evo,y,y,y,a pinch of ash,n,,1,action,n,,inst,n,10,ft,1,,creature,rsak,"2d6,fire",dex,n,"<p>With a snap of the fingers, a small spark of energy flairs up and attempts to ignite a target that you can see.  You make a ranged spell attack against the target.  On a hit, the target takes 2d6 fire damage, and must make a Dexterity (Save) check.  <br>&nbsp;&nbsp;&nbsp;&nbsp;On a fail, the target is now on fire and must make a Dexterity (Save) check at the start of each of their turns to put it out.  Every time they fail, the target takes 1d6 points of fire damage.  A successful save avoids being set on fire.<br><br>Charge: This spell can be Charged, increasing the spell’s damage.  Costs and increase are as follow: <ul><li>3 Mana: Initial damage increases by 1d6</li><li>7 Mana: Initial damage increases by 2d6, and damage taken from being on fire increases by 1d6</li></ul></p>",icons/magic/fire/explosion-flame-lightning-strike.webp
NI3IWI89HKX1VH6R,Conjure Fundamental,1,y,con,y,n,y,a pound of clay or other moldable material,n,,1,action,y,1,minute,n,30,ft,1,,object,util,,,n,"<p>Shaping the clay in your hands, you envision what you molded filling the space, conjuring a simplified shape of a similar design unto the world with a soft pop sound.&nbsp;&nbsp;</p><p>You can create one of the following solid shapes for the duration.&nbsp; This shape can be no smaller in height, width, or length, than 1 inch.&nbsp; When you do so, choose a simple, opaque texture and pattern to appear on it.&nbsp; This pattern can repeat, but can be no more complex than solid wood grain or brick, and the texture cannot affect the shape of the object more than a centimeter.&nbsp; The weight of the shape is 1-20lbs, decided upon its conjuration.</p><ul><li>Cube: 1-10sqft.</li><li>Plane: 1-5ft width, 1-20ft length, and 1 centimeter flat platform.</li><li>Sphere: 5-10ft diameter.</li><li>Cylinder: 1-15ft height pillar, 1-5ft diameter.</li><li>Pyramid: 1-10ft base and height.</li><li>Triangular Prism: 1-10ft length, 1-10ft width and height.</li><li>Octahedron: 1-10ft diameter from point to point.</li><li>Cone: 1-5ft height, 1-5ft diameter base.</li></ul><p>&nbsp;</p><p>Charge: This is a spell that can be Charged, increasing the effects at the cost of extra Mana:&nbsp;</p><ul><li>1 Mana: Conjure an additional shape.&nbsp;&nbsp;</li><li>2 Mana: Conjure two additional shapes.</li></ul>",icons/magic/symbols/squares-3d-green.webp
AH3FXOM907Z8TW25,Eleemosynary,1,y,abj,y,y,y,a sprinkle of holy water,n,,1,action,n,,inst,n,0,touch,1,,creature,util,,,n,"<p>Sprinkling holy water on another creature, you move one positive 1st level spell effect currently affecting you to your target, dispelling the effect from you.  The effect picks up where it left off on the other creature’s next turn, ignoring the turn that this spell was cast.  <br>&nbsp;&nbsp;&nbsp;&nbsp;Charge: This spell can be Charged to move spells of 2nd level or higher by spending Mana equal to the cost of the spell that you are moving.  This spell cannot move 8th or 9th level spell effects.</p>",icons/containers/boxes/box-gift-green.webp
5F78LN7YILWPNJL2,Ethereal Mail,1,n,abj,y,y,y,a piece of cured leather,n,,1,action,n,8,hour,n,0,touch,1,,creature,util,,,n,"<p>Touching a willing creature who isn’t wearing armor, you wreath them in a protective set of ghostly mail.  The target’s base AC is now:<br><br>13 + Dexterity modifier<br><br>This spell ends if the target dons armor or if you dismiss the spell with an action.</p>",icons/magic/defensive/shield-barrier-blue.webp
4952YYFV3OJ53IKQ,Fists of Stone,1,n,tra,y,y,n,,n,,1,action,n,1,minute,y,0,touch,1,,creature,util,,,n,"<p>This spell hardens the fists of a single target touched.  For as long as this spell is active, the target is treated as if they have proficiency in unarmed strikes, and the damage of their unarmed strikes increase.  <br>&nbsp;&nbsp;&nbsp;&nbsp;If their damage was a base of 1, it is now 1d4.  If the damage for their unarmed strikes is already a die (such as 1d4, 1d8, etc) then that damage is one step larger.  (Refer to the 'Steps in Damage Size Table' in ""Chapter 6: How to Play"")</p>",icons/magic/earth/strike-fist-stone-gray.webp
MFJSEGIJAH0UIH47,Identify,1,n,div,y,y,y,A crystalline disc worth at least 100 gold,n,100,1,action,y,,inst,n,0,touch,1,,object,util,,,n,"<p>Touching one object throughout the casting of this spell, you attempt to learn the magical secrets that it holds.  If it is a magic item or some other magic-imbued object, you learn its properties and how to use them.  As well as whether it requires attunement to use, and how many charges it has, if any.  You also learn whether any spells are affecting the item and what they are.  If the item was created by a spell, you learn which spell was used to create it.  <br>&nbsp;&nbsp;&nbsp;&nbsp;Should you touch a creature instead throughout this casting, you learn what spells, if any, that are currently affecting it. </p>",icons/skills/trades/academics-investigation-study-blue.webp
PZLUQ36LJVGLMZ4R,Lash Out,1,n,con,n,y,n,,n,,1,action,n,,inst,n,0,self,5,ft,sphere,save,"3d6,chaos",dex,n,"With a quick few words, you send dozens of tiny, invisible bolts of magic outwards.  Any creature caught in range from you, except for you, must succeed a Dexterity (Save) check.  On failure, the creature takes 3d6 points of chaos damage.  On success, they take half damage.",icons/magic/unholy/strike-body-life-soul-purple.webp
DR1S6TA7ZZHXVKVY,Menacing Visage,1,n,ill,y,y,n,,n,,1,action,n,1,minute,n,60,ft,1,,creature,save,,wis,n,"When you cast this spell you must designate a single target within range that you can see.  That target makes a Wisdom (Save) check.  If it fails, the target has disadvantage on attacks against the caster for the next minute.",icons/magic/death/skull-energy-light-purple.webp
MRQUPL1D078DKFR2,No Reproach,1,n,abj,y,y,n,,n,,1,minor,n,1,minute,n,30,ft,1,,creature,util,,wis,n,"<p>With a flick of your wrist and a magic word, you cast a ward on a creature or object.  While in effect, an attack roll made against the warded target causes the attacker to first make a Wisdom (Save) check.  On failure, the attacker must change the target of its attack or else the attack fails.  <br>&nbsp;&nbsp;&nbsp;&nbsp;If the warded target harms or attacks another creature, or casts a spell on an enemy creature, this spell ends.</p>",icons/magic/holy/meditation-chi-focus-blue.webp
V4RW5MFB4N243CDA,Open Wound,1,n,nec,y,y,n,,n,,1,action,n,,inst,n,0,touch,1,,creature,msak,"3d10,necrotic",,n,"You reach your hand out and make a melee spell attack against a creature you can reach.  On hit, the creature takes 3d10 necrotic damage as their skin and tendons open up where you touch.",icons/magic/unholy/hand-fire-skeleton-pink.webp
N3BHT4QNPIDGVC6C,Nocuous Bubble,1,y,evo,y,y,n,,n,,1,action,n,1,round,n,30,ft,1,,creature,rsak,"1d12,poison",con,n,"<p>Placing your hands together and drawing them apart, you form a bubble of toxic material which launches towards a target within range. Make a ranged spell attack against the target, dealing 2d8 poison damage on a hit.<br>&nbsp;&nbsp;&nbsp;&nbsp;Hit or miss, the bubble bursts and disperses noxious gas. The target and each creature within 5 feet of it must succeed on a Constitution (Save) check or become @Compendium[undertaking.conditions.9X088PM7H5U2S1HQ]{Sickened} until the end of your next turn.  <br><br>Charge: This is a spell that can be Charged, modifying its effects. Costs and effects are as follow: <ul><li>1 Mana: The radius of the noxious gas increases to 10 feet. </li></ul></p>",icons/magic/acid/orb-bubble-smoke-drip.webp
XGGRB00TO6WCQRWR,Proclaim,1,y,evo,y,y,y,a holy symbol or focus,n,,1,action,n,1,round,n,0,self,20,ft,sphere,save,"1d12,radiant",dex,n,"<p>Holding out your holy symbol, you proclaim the tenants or teachings of your faith and the symbol begins to shine with radiant light.  All other creatures within a 20ft radius of you must make a Dexterity (Save) check, taking 1d12 radiant damage on a failure or half as much on a success.  All Fiends make saves against this spell at disadvantage.  You conclude your speech at the start of your next turn and can choose to repeat this damaging effect as a non-action, prompting a new save from each creature that is within 20ft of you.<br>&nbsp;&nbsp;&nbsp;&nbsp;For the duration of the spell, your holy symbol sheds bright light for 20ft and dim light for an additional 20ft.  <br><br>Charge: This is a spell that can be Charged, modifying its effects. Costs and effects are as follow: <ul><li>1 Mana: The duration of the bright light cast by this spell extends to 1 minute, or until you lower your holy symbol, whichever comes first.  As an action during this duration, you can force one target within the light to make a Dexterity (Save) check, taking 1d10 radiant damage on a failure or half as much on a success. </li></ul></p>",icons/magic/light/explosion-beam-impact-silhouette.webp
OGEU1VGI5A8Z8T0L,Sacrament,1,n,abj,y,n,y,"25 gp worth of powdered silver, which the spell consumes",y,25,1,hour,y,,,n,0,touch,,,,util,,,n,"<p>You perform a special magical ritual related to your religion or beliefs.  Throughout the duration, the object cannot move more than 10ft away from you or the spell fails.  When you cast the spell, choose one of the following ceremonies to perform: <ul><li>One flask-worth of water you touch turns into holy water.  This purifies the liquid of diseases, added poisons, and all other trace additives.  This process cannot purify any liquid that is not mostly water.  <br>&nbsp;&nbsp;&nbsp;&nbsp;If cast without powdered silver, the holy water becomes plain water after 24 hours.</li>  <li>You touch one willing or @Compendium[undertaking.conditions.9KB959MRZ0H4IT4C]{Unconscious} creature whose morality has been magically changed and make a DC 20 Wisdom (Theology) check.  On success, you restore the creature’s original moral alignment, though the curse or cause's of other effects may remain.  <br>&nbsp;&nbsp;&nbsp;&nbsp;If cast without powdered silver, the moral restoration lasts for 1 hour.</li><li>You touch one corpse.  The corpse cannot be raised for the next 7 days.</li>  <li>You touch one object.  No creature can possess or take control of the object for the next 7 days.  If the object is already possessed and is not not cursed or bound to the object by magic, the soul is expelled from the object as part of the process.</li>  <li>You touch two creatures willing to be bonded together in marriage.  For the first 7 days, both targets replace their lowest attribute with the other person's matching attribute, if it is higher, while within 30ft of each other.  <br>&nbsp;&nbsp;&nbsp;&nbsp;This effect cannot be used on the same two creatures more than once.</li><ul></p>",icons/magic/holy/chalice-glowing-gold.webp
FBBZHRD9FHGJV2C4,Hypothermia,1,y,evo,y,n,y,a chime on a string and something to strike it with,n,,1,action,n,1,minute,y,30,ft,1,,creature,save,"2d8,cold,1d8,cold",con,n,"<p>You strike a shrill tone and focus it towards a creature you can see within range, sending a terrible chill through its body. The creature must succeed on a Constitution (Save) check or take 2d8 cold damage and its movement speed is reduced by 5 feet until the spell ends. On a success, the creature takes half and the spell ends. Creatures acclimatized to cold weather have advantage on the save.<br>&nbsp;&nbsp;&nbsp;&nbsp;Until the spell ends, you can use your action once per turn to intensify the icy sensation, causing the creature to suffer 1d8 cold damage and reducing its speed by an additional 5 feet for the duration of the spell. The spell cannot reduce a creature’s speed below 10 feet.<br><br>Charge: This is a spell that can be Charged, modifying its effects. Costs and effects are as follow: <ul><li>1 Mana: A flying creature slowed by this spell must make a Constitution (Save) check at the beginning of each of its turns or fall 10 feet. </li></ul></p>",icons/magic/water/heart-ice-freeze.webp
MD8DUOG1SKTK0VAC,Stone Shot,1,n,evo,y,y,n,,n,,1,action,n,,inst,n,60,ft,1,,creature,rsak,"2d10,bludgeoning",,n,"With a quick contact with the closest surface made of, or containing stone, you give a harsh word and a sizable stone projectile fires off at a single selected target.  Make a ranged spell attack against a single target.  If this attack hits, it deals 2d10 bludgeoning damage.",icons/magic/earth/projectile-stone-ball-brown.webp
WH828JD6WRDOM2M3,Tame Beast,1,y,enc,y,y,y,a pinch of food,n,,1,action,y,1,hour,n,30,ft,1,,creature,save,,wis,n,"<p>Once per rest, you can convince one beast that you see that you mean it no harm, causing it to be @Compendium[undertaking.conditions.KJXJ0T5RPNC51N4V]{Charmed} by you for the duration.&nbsp; If its intelligence is 6 or higher, the target must make a Wisdom (Save) check to resist the effect.&nbsp;&nbsp;</p><p>The charm ends early if you harm the creature, or otherwise encourage another creature to do so.&nbsp;&nbsp;</p><p>Charge: This is a spell that can be Charged, increasing the effect of the spell at the cost of extra mana to cast the spell:</p><ul><li>2 Mana: This spell now requires Concentration.&nbsp; While the beast is charmed by you, you can give simple commands to it as a minor action that it must follow on its turn.&nbsp; If it is injured in the process of undertaking this action, the spell ends.&nbsp; These commands are available to you:</li><ul><li>""Come"": The beast will move up to 30 feet toward you.</li><li>&ldquo;Go&rdquo;: The beast will move up to 30 feet toward a target of your choosing.</li><li>""Sit"": The beast will fall @Compendium[undertaking.conditions.RK3DF56CKMQUV6DM]{Prone}.</li><li>&ldquo;Fetch&rdquo;: The beast will move toward, pick up, and return to you with an item or object it can reasonably carry.</li><li>""Sic"": Without moving, the beast will make one attack against a creature you specify if it has the means to do so.</li></ul></ul>",icons/magic/nature/wolf-paw-glow-small-orange.webp
F5AZB1SJ4LAXZNXV,Treat Wounds,1,y,evo,y,y,n,,n,,1,action,n,,inst,n,0,touch,1,,creature,heal,"1d8+@mod,healing",,n,"<p>A creature you touch regains 1d8 + your spellcasting ability modifier in hit points.  This does not affect undead or constructs.  <br>&nbsp;&nbsp;&nbsp;&nbsp;Charge: This is a spell that can be Charged, increasing the healing done with this spell.  For every 2 extra Mana you spend, you can increase the healing by 1d8 up to your charge limit.</p>",icons/magic/life/heart-cross-blue.webp
3XZ089KFBQMQUFK5,Tunnel Vision,1,n,enc,y,y,n,,n,,1,action,n,1,minute,y,60,ft,1,,creature,save,,wis,n,"<p>When you cast this spell you pick a single creature within range that you can see.  They must make a Wisdom (Save) check, and should they succeed, there is no effect.  <br>&nbsp;&nbsp;&nbsp;&nbsp;If the target fails, pick a second target.  The second target is now the only creature that the target affected by this spell can take hostile action against, for the duration of the spell.  <br>&nbsp;&nbsp;&nbsp;&nbsp;The creature affected by Tunnel Vision is compelled to attack and take aggressive action towards the second target while they are under the spell’s effects.  Should the second target die, the spell ends for the affected creature.  <br>&nbsp;&nbsp;&nbsp;&nbsp;A creature affected by this spell can repeat the (Save) check at the end of its turn if the spell persists.</p>",icons/environment/wilderness/cave-entrance-dwarven-hill.webp
3BUFFKXCN0WVRIMP,Barrier,2,y,abj,y,n,y,a carapace,n,,1,action,n,1,minute,y,30,ft,1,,creature,util,"10,temporary hit points",,n,"<p>Tracing a circle toward a creature, you manifest a magical and translucent barrier around it that shimmers slightly in the light.&nbsp;&nbsp;</p><p>For the duration, the target gains 10 temporary hit points at the start of its turn.</p><p>&nbsp;</p><p>Charge: This is a spell that can be Charged, increasing the effect of this spell.&nbsp; Costs and effect are as follow:&nbsp;</p><ul><li>2 Mana: Cast on an additional target</li><li>5 Mana: Cast on two additional targets</li></ul>",icons/magic/holy/barrier-shield-winged-blue.webp
A0XHQ6VS7PDGN9FJ,Cloak,2,y,ill,y,y,y,an eyelash encased in gum arabic,n,,1,action,n,1,hour,y,0,touch,1,,creature,util,,,n,"<p>Upon touching a creature, the target becomes @Compendium[undertaking.conditions.YE63H7VLOHW7NFHO]{Invisible} to others until the spell ends.  Anything the target is wearing or carrying is invisible as well, as long as it is on the target’s person.  <br>&nbsp;&nbsp;&nbsp;&nbsp;If a creature affected by this spell should pick up an object and it is in their sole possession, or placed somewhere on their person, then that object becomes invisible.  This lasts until the spell ends, or the object is no longer on their person or in their possession.  <br>&nbsp;&nbsp;&nbsp;&nbsp;Should the target attack or cast a spell before the duration is up, the spell ends.  <br><br>Charge: This is a spell that can be Charged, increasing the damage done with this spell.  Costs and increase are as follow: <ul><li>4 Mana: Cast on an additional target</li><li>8 Mana: Cast on two additional targets</li></ul></p>",icons/magic/control/silhouette-hold-change-blue.webp
FZ8CHP8N6M0PGLI1,Discombobulate,2,y,evo,y,n,y,a small cymbal or firecracker,n,,1,action,n,,inst,n,60,ft,1,,creature,save,"2d8,force",con,n,"<p>You bombard a creature's senses with a deafening and unexpected noise.  One target within range must make a Constitution (Save) Check.  On a failed save, the creature takes 2d8 force damage, is @Compendium[undertaking.conditions.WK17M9FZR08DRUP1]{Deafened} until the end of your next turn, and is moved back by one slot in the initiative order.  On a successful save, it takes half damage and suffers none of the other effects.<br>&nbsp;&nbsp;&nbsp;&nbsp;If you target a Surprised creature, it makes the save check with disadvantage.  This spell has no effect on creatures that are @Compendium[undertaking.conditions.WK17M9FZR08DRUP1]{Deafened} or are immune to the @Compendium[undertaking.conditions.WK17M9FZR08DRUP1]{Deafened} condition.<br><br>Charge: This is a spell that can be Charged, modifying its effects.  Costs and effects are as follow:<ul><li>2 Mana: Move the creature back an additional space in initiative.</li><li>2 Mana: The sonic damage is increased to 5d8.</li></ul></p>",icons/magic/sonic/bell-alarm-red-purple.webp
H12OZBL02CSFQX6L,Dragon’s Breath,2,y,evo,y,y,y,a hot pepper,n,,1,minor,n,1,minute,y,0,touch,15,ft,cone,save,"3d6,varies",dex,n,"<p>Upon touching a willing creature, you imbue them with the ability to release magical energies from their mouth as a mighty dragon would; provided they have a mouth to begin with.  <br>&nbsp;&nbsp;&nbsp;&nbsp;You choose acid, cold, fire, lightning, or poison as the damage type for the breath, and until the spell ends, all damage dealt from this spell is that type.  While the spell is active, the creature can use an action to exhale energy of the chosen type in a 15 foot cone.  Anyone caught inside it must make a Dexterity (Save) check.  If they fail, they take 3d6 points of damage from the chosen type.  On a success, they take half damage.  <br><br>The spell DC for Dragon’s Breath is the spell DC of the caster.  <br><br>Charge: This is a spell that can be Charged, increasing the damage done with this spell.  Costs and increase are as follow: </ul><li>4 Mana: Increase damage by 1d6 of chosen type</li><li>8 Mana: Increase damage by 2d6 by chosen type</li></ul></p>",icons/creatures/abilities/dragon-fire-breath-orange.webp
N04H7KQXVXSTATL9,Lesser Cure,2,n,abj,y,y,n,,n,,1,action,n,,inst,n,0,touch,1,,creature,util,,,n,"You touch a creature and cure it of either one disease or one condition.  The conditions this spell can cure are @Compendium[undertaking.conditions.ADW4EH0NKRDCRCA4]{Blinded}, @Compendium[undertaking.conditions.WK17M9FZR08DRUP1]{Deafened}, @Compendium[undertaking.conditions.OBTES08D2XC130IG]{Paralyzed}, or @Compendium[undertaking.conditions.9X088PM7H5U2S1HQ]{Sickened}.  Assume that any @Compendium[undertaking.conditions.9YPWLY1IHQV3MRLO]{Disease} can be cured by Lesser Cure unless the disease states otherwise.",icons/magic/life/heart-hand-gold-green.webp
M9E56UNAIUGH9J1U,Paralyze Person,2,y,enc,y,y,y,"a small, straight piece of iron",n,,1,action,n,1,minute,y,60,ft,1,,creature,save,,wis,n,"<p>Designate one humanoid within range of your spell that you can see.  That target must make a Wisdom (Save) check and succeed, or be @Compendium[undertaking.conditions.OBTES08D2XC130IG]{Paralyzed} for the duration of this spell.  The target gets a chance to make another Wisdom (Save) check at the end of each of their turns, and on a success, they break free and the spell ends.<br><br>Charge: This is a spell that can be Charged, increasing the damage done with this spell.  Costs and increase are as follow: <ul><li>4 Mana: Cast on an additional target</li><li>8 Mana: Cast on two additional targets </li></ul><br><br>Note: Additional targets must be within 30 feet of each other when you target them.</p>",icons/magic/control/debuff-chains-shackles-movement-blue.webp
RSOH8YFIDRSE3ZCL,Repress Emotions,2,y,enc,y,y,n,,n,,1,action,n,1,minute,y,60,ft,20,ft,sphere,save,,pre,n,"<p>You emit a field of flat emotion nearby, repressing more extreme emotions in nearby creatures for a time.  Each creature in a 20ft radius sphere from your target point who wants to resist this spell must make a Presence (Save) check.  On failure, one of the following effects happen:<ul><li>The condition effects are suppressed for a @Compendium[undertaking.conditions.KJXJ0T5RPNC51N4V]{Charmed}, @Compendium[undertaking.conditions.UK95BQ45TGSD5Q3V]{Frightened}, or @Compendium[undertaking.conditions.Y822OUCDEPAG0HS8]{Frenzied} creature for up to the duration.</li><li>The condition effects are suppressed for an @Compendium[undertaking.conditions.JHOXE7HCCBCD8MSK]{Insane} creature for up to the duration.</li><li>The target creature is indifferent about a creature that it is hostile toward.  This ends if the target is attacked or harmed by a spell or if it witnesses any of its allies being harmed.  The creature becomes hostile again after the spell ends.</li><li>The target creature is indifferent about a creature that it is in love with.  This ends if the target is attacked or harmed by a spell or if it witnesses any of its allies being harmed.  The creature resumes its adoration again after the spell ends.</li></ul>  <br>&nbsp;&nbsp;&nbsp;&nbsp;Charge: By spending 2 extra Mana, the duration of the spell can be increased to 1 hour.</p>",icons/magic/control/mouth-smile-deception-purple.webp
7EL61XWDFFTIOO4S,See the Unseen,2,n,div,y,y,y,A pinch of Talc and a small sprinkling of powdered silver,n,,1,action,n,1,hour,n,0,self,,,self,util,,,n,"For the duration of this spell you have the ability to see @Compendium[undertaking.conditions.YE63H7VLOHW7NFHO]{Invisible} creatures and objects as if they were visible, and you can see into the Ethereal Plane.  Ethereal creatures and objects still seem ghostly and translucent.",icons/creatures/eyes/humanoid-single-blind.webp
DS8BAOY19DVGW5SH,Stupefy,2,n,enc,y,y,n,,n,,1,action,n,1,minute,n,60,ft,1,,creature,save,,int,n,"<p>A target creature you can see begins to see stars flitter across their vision as their thoughts loosen.&nbsp; The target must make an Intelligence (Save) check or become @Compendium[undertaking.conditions.1O2HM8TA4RSTVAVL]{Stupored} for the duration, repeating the check again at the end of each of their turns to attempt to snap out of it.&nbsp;&nbsp;</p><p>A @Compendium[undertaking.conditions.1O2HM8TA4RSTVAVL]{Stupored} creature may also repeat the save check upon receiving bludgeoning or force damage.</p>",icons/magic/control/hypnosis-mesmerism-swirl.webp
UEGGABQ79I8A8CG5,Twister,2,n,evo,y,n,y,a hand fan,n,,1,action,n,1,minute,y,60,ft,5,ft,cylinder,save,"5,bludgeoning,10,bludgeoning",str,n,"<p>You kick up a wind at a point you can see, creating a small, continuous 5ft diameter twister.&nbsp; <br /> Any creature that starts its turn within 5ft of the twister must make a Strength (Save) check or be lifted 10ft into the air and shoved 10ft away from the twister.&nbsp; If the creature is inside the twister, they take this save at disadvantage and are thrown 20ft upward upon failure instead.&nbsp;&nbsp;</p><p>In addition, the winds of the twister disrupt ranged attacks shot within 5ft of it, reducing the chance to hit by -2.&nbsp; <br /> You can move the twister up to 10ft each turn as a minor action.</p>",icons/magic/air/wind-tornado-funnel-gray.webp
YCQC074MGCT6R2NY,Ultimatum,2,n,enc,n,y,y,an engraved stamp or signet ring,n,,1,action,n,1,round,n,60,ft,1,,creature,save,,wis,n,"<p>You compel a creature to follow a selection of orders, temporarily limiting its agency to two choices you pose to it.  The creature must be able to hear you in order for the spell to take effect, however it need not understand the language you speak.  Describe two different courses of action which each fit into a single sentence and that the creature could reasonably accomplish on its next turn.  The creature must then succeed on a Wisdom (Save) Check or be forced to comply.  On a failed save, it must spend its entire next turn carrying out its choice of one of the two commands you outlined to the best of its ability.  It also cannot take desperate actions before the end of its next turn.<br>&nbsp;&nbsp;&nbsp;&nbsp;The courses of action you specify must each be able to translate into one of the effect categories below, and the spell fails if they both dictate the same category of effect against the same target(s).  For example, commanding a bandit to ""Backstab your boss"" and ""Fire your crossbow at the Bandit King"" would fail because both commands target the same creature with the same listed effect type.<br>&nbsp;&nbsp;&nbsp;&nbsp;You cannot dictate for a creature to harm itself directly or subject itself to a hazard that is known to it (such as a fire or a visible cliff or pit).  Once a creature completes its chosen command, or if the creature is no longer able to pursue one or both of the commands on its turn, it ends its turn and the spell ends.<br><br><ul><li>Act: The creature must take a single Improvised Action you can describe, moving within reach of relevant objects or creatures as needed. For example: ""Pull the leftmost lever.""  ""Toss me the book on that desk.""  ""Go through the door and lock it behind you.""</li><li>Attack: The creature must move within range of a creature or object you choose and make a single weapon attack against it.  For example: ""Shoot the other archer.""  ""Smash that barrel open.""  <ul><li>You may specify which of its weapons to use, including natural weapons. </li><li>The creature is not obligated to use optional abilities that would modify or replace the attack.</li></ul></li><li>Cantrip: The creature must move within range of a creature or object you choose and cast a cantrip targeting it.  The cantrip must have a casting time of 1 action or less.  For example: ""Cast Jolt on your master.""<ul><li>If the creature does not know the cantrip you name, it instead casts one it does know.  </li></ul></li><li>Move: The creature must move towards or away from a creature, object, or location you can name or describe.  For example: ""Grovel at my feet.""  ""Get down from there.""  ""Follow me.""<ul><li>You can also specify whether the creature should be standing, prone, flying, or otherwise. </li></ul></li><li>Speak: The creature must share what it knows or speak to a creature you choose. For example: ""Tell us the password.""  ""Tell your friends we mean no harm.""</li><li>Stop: The creature must stand still and do nothing on its turn.  For example: ""Stop what you’re doing.""</li></ul></p>",icons/commodities/treasure/broach-crown-gold.webp
81P4RRS5TYCIYIDI,Verminize,2,n,tra,y,y,y,a lily pad,n,,1,action,n,1,minute,y,60,ft,1,,creature,save,,pre,n,"<p>Targeting a creature that you can see within range, you cast this spell in an attempt to transform the target into a harmless creature.  The target must make a Presence (Save) check to resist the change. <br>&nbsp;&nbsp;&nbsp;&nbsp;On failure, you decide if the target transforms into a Chicken, Golop, Pig, or Toad.  The target assumes the form and game statistics of the chosen creature, and all attributes except Intelligence are replaced by the statistics of the chosen form.  <br>&nbsp;&nbsp;&nbsp;&nbsp;The target's hit points, however, remain the same, and any damage to the target is retained after reverting back.  <br>&nbsp;&nbsp;&nbsp;&nbsp;The creature is limited in the actions that it can perform by the nature of its new form: it can’t speak, cast spells, or take any action that requires hands or speech.  The target's gear melds into the new form and they cannot activate, use, wield, or otherwise benefit from any of its equipment.  <br>&nbsp;&nbsp;&nbsp;&nbsp;At the end of each turn in this form, the target repeats the Presence (Save) check until they succeed, ending this spell.</p>",icons/creatures/amphibians/frog-water-teal.webp
XPI8O47UKUK45ZRP,Weight of the World,2,n,evo,y,y,n,,n,,1,action,n,1,minute,y,60,ft,1,,creature,save,"3d6,force",dex,n,"<p>Designating one creature within the spell’s range that you can see, you gather the force of gravity and bring it crashing down on the target.  The target must make a Dexterity (Save) check.  On a failed save, the creature takes 3d6 force damage and its base speed is reduced to 0 feet.  On a success, the creature only takes half damage.<br>&nbsp;&nbsp;&nbsp;&nbsp;Should the target fail its save check, the spell continues and the caster must keep up concentration.  While the spell is ongoing, the target retains a speed of 0 feet, however, it does not take damage again.  The target gets a chance to make another Dexterity (Save) check at the end of each of their turns to break free.</p>",icons/tools/fishing/weight-steel-iron.webp
368MKMZOJIFZ7TPS,Zone of Silence,2,n,ill,y,n,n,,n,,1,action,y,10,minute,y,120,ft,20,ft,sphere,util,,,n,"For the duration of the spell, no sound can be created or heard within a 20ft radius sphere centered on a point that you pick within range.  All creatures and objects entirely within the sphere are @Compendium[undertaking.conditions.WK17M9FZR08DRUP1]{Deafened}, immune to force damage, and all verbal components from creatures within range cannot be fulfilled.",icons/magic/sonic/explosion-shock-sound-wave.webp
M8BEUTF0AVY73OZG,Comforting Shouts,3,y,evo,n,y,n,,n,,1,minor,n,,inst,n,60,ft,6,,creature,heal,"1d4+@mod,healing",,n,"<p>You cry out magically laced words of encouragement to those around you.  Up to six creatures of your choice that can hear you within range regain hit points equal to 1d4 + your spellcasting ability modifier.<br>&nbsp;&nbsp;&nbsp;&nbsp;This spell has no effect on undead or constructs.  <br><br>Charge: For every 2 extra Mana spent, this spell restores an additional 1d4 hit points.  You cannot cast this spell to cost more than 16 Mana.</p>",icons/magic/life/heart-area-circle-red-green.webp
XD6W9NSEKZ48HGCD,Dispel Magic,3,y,abj,y,y,n,,n,,1,action,n,,inst,n,120,ft,,,,util,,,n,"<p>Select a single creature, object, or magical effect that is in range with a point of the finger.  Any spells of 3rd level or lower on the target end immediately.  For spells on the target that are 4th level and above you must roll an skill check using your spellcasting ability.  You must beat a DC equal to 10 + the spell's level.  If you succeed, the spell ends.  <br><br>Charge: This is a spell that can be Charged.  Doing so causes this spell to have the ability to dispel spells of higher levels without having to roll.  <ul><li>2 Mana: Any spell of 4th level or lower immediately ends</li><li>4 Mana: Any spell of 5th level or lower immediately ends</li><li>6 Mana: Any spell of 6th level or lower immediately ends</li><li>8 Mana: Any spell of 7th level or lower immediately ends</li><li>11 Mana: Any spell of 8th level or lower immediately ends</li><li>21 Mana: Any spell of 9th level or lower immediately ends</li></ul></p>",icons/magic/symbols/triangle-glow-purple.webp
7UWC00HNXCOL4GFI,Fireball,3,y,evo,y,y,y,a tiny cloth filled with sulfur and tar,n,,1,action,n,,inst,n,150,ft,20,ft,sphere,save,"8d6,fire",dex,n,"<p>Choose a space within range that you can see.  Each creature within a 20 foot radius sphere centered on the space you chose must make a Dexterity (Save) check.  On a failed save the creature takes 8d6 points of fire damage, or half damage on a successful save.  <br>&nbsp;&nbsp;&nbsp;&nbsp;This fire spreads around corners and ignities unattended and non-worn objects that are flammable.<br><br>Charge: This spell can be Charged to do extra damage.  <ul><li>4 Mana: 2d6 extra fire damage</li><li>8 Mana: 4d6 extra fire damage</li><li>16 Mana: 6d6 extra fire damage</li></ul></p>",icons/magic/fire/explosion-fireball-large-red-orange.webp
W7NSYVVHKA2Q2MBJ,Geyser,3,n,evo,y,y,n,,n,,1,action,n,,inst,n,90,ft,5,ft,cube,save,"4d6,bludgeoning",dex,n,"<p>Pick a single space within range that you can see.  From that space sprouts a geyser of hot water that erupts abruptly from the ground.  Any creature occupying that space must make a Dexterity (Save) check.  <br>&nbsp;&nbsp;&nbsp;&nbsp;On a failure, a creature of medium size or smaller is thrown 15 feet in a random direction, falls @Compendium[undertaking.conditions.RK3DF56CKMQUV6DM]{Prone}, and takes 4d6 bludgeoning damage.  On a success, the creature keeps their footing, takes half damage and is moved 5ft in a random direction.<br>&nbsp;&nbsp;&nbsp;&nbsp;Creatures of large size or larger that fail their save check fall @Compendium[undertaking.conditions.RK3DF56CKMQUV6DM]{Prone}.</p>",icons/magic/water/projectile-ice-impact-stone.webp
6GFN59MWTZPMBQ61,Haste,3,n,tra,y,y,n,,n,,1,action,n,1,minute,y,30,ft,1,,creature,util,,,n,"The world seems to slow around you as your mind and body speed up.  Your movement speed is doubled, you gain +2 AC up to your armor’s maximum Dexterity Modifier bonus, if it has one, and you have advantage on Dexterity (Save) checks.   When you use an action to make an attack action or cast a cantrip, you can make an additional attack or cast an additional cantrip.  Alternatively, you can take the Action to Minor Action, Grapple, Shove, Trip, Dash, or Disengage actions instead. ",icons/magic/movement/trail-streak-zigzag-teal.webp
SQADB7CXCUN2VURZ,Instant Lodging,3,n,con,y,y,y,a pinch of ash from a fireplace,n,,1,minute,y,8,hour,n,10,ft,10,ft,cube,util,,,n,"<p>Pick a spot of unoccupied space, on stable ground, of at least 10ft by 10ft in dimensions, within range.  From that spot sprouts a 10ft cube log cabin, complete with windows, a single front door, and a smoking chimney.  <br>&nbsp;&nbsp;&nbsp;&nbsp;The interior of the cabin is furnished with seating, a half kitchen, a table, a fireplace, and bunk beds.  These furnishings can be changed and shifted upon casting, but cannot be changed after it is cast.  This cabin also has no running water.  When changing the furnishings you can have the following items:<ul><li>Up to 2 chairs for medium creatures</li><li>A 5ft by 10ft table</li><li>Up to 4 bunk beds for medium creatures</li><li>A half kitchen that takes up room equal to 5ft by 10ft, and must be set along a wall</li><li>A fireplace that takes up a 5ft by 5ft space, and must be along a wall</li><ul><br>&nbsp;&nbsp;&nbsp;&nbsp;Anything that was created by the spell inside the cabin, should it be removed from the cabin, vanishes instantly.  Anything left inside that was not part of the cabin is ejected immediately upon it disappearing.  <br>&nbsp;&nbsp;&nbsp;&nbsp;It is sized for medium creatures, and cannot fit creatures of a larger size.  The inside of the cabin is also larger than its exterior makes it look, having a floorspace of 20ft by 20ft and standing 10ft high, and allows up to 8 medium sized creatures inside.  <br>&nbsp;&nbsp;&nbsp;&nbsp;Only those that the caster designates can enter the cabin.  The temperature on the inside is comfortably dry and warm regardless of outside temperatures.  Spells cast inside the cabin, can’t extend outside of it.  Spells cast outside of it, can’t extend into the cabin.  That does not stop spells from dealing damage to the cabin, however.<br>&nbsp;&nbsp;&nbsp;&nbsp;This cabin has an AC of 11 and 70 hit points.  It also has vulnerability to fire, resistance to piercing, and immunity to poison and psychic.  <br>&nbsp;&nbsp;&nbsp;&nbsp;Should the cabin be reduced to 0 hit points, or be dispelled, it immediately disappears and throws the occupants outwards 10 feet in a random direction, and each creature thrown this way takes 1d4 bludgeoning damage.  <br>&nbsp;&nbsp;&nbsp;&nbsp;Should the spell end naturally and there are still creatures inside, they are shunted out into an unoccupied space next to where the cabin stood, unharmed.</p>",icons/environment/settlement/house-woods.webp
7V6U65DLY9Z8LYA2,Revivify,3,n,nec,y,y,y,"diamonds worth 300gp, which the spell consumes",y,300,1,action,n,,inst,n,0,touch,1,,creature,heal,"1,healing",,n,"<p>You touch a creature that has died within the last minute, diamonds in hand.  That creature returns to life with 1 hit point, remaining @Compendium[undertaking.conditions.RK3DF56CKMQUV6DM]{Prone}.  <br>&nbsp;&nbsp;&nbsp;&nbsp;This spell fails if the creature has died of old age, and it does not restore any missing body parts.</p>",icons/skills/wounds/anatomy-organ-heart-red.webp
VROEDKWBUZ57MFV7,Rolling Thunder,3,n,evo,y,y,n,,n,,1,action,n,,inst,n,0,self,30,ft,cone,save,"4d6,force",con,n,"<p>You let out a loud cry that is magically amplified and ripples out in front of you.  A cone of piercing noise reaches out in a 30 foot cone in the direction that you are facing, using you as the origin point.  Any creature caught in it must make a Constitution (Save) check.  <br>&nbsp;&nbsp;&nbsp;&nbsp;On a failed (Save) check, they take 4d6 force damage and are @Compendium[undertaking.conditions.WK17M9FZR08DRUP1]{Deafened} for the next round.  On a successful save, they take half damage.</p>",icons/magic/air/air-pressure-shield-blue.webp
Z373UKDNQ9VFAMQD,Syzygy,3,y,evo,y,n,y,"Two medallions, shaped like a sun and moon",n,,1,action,n,,inst,n,0,self,80,ft,line,rsak,"5d6,radiant",,n,"<p>You draw upon the awe of great celestial alignments of the past and the mathematical inevitability of their future recurrence.  Waiting for the perfect moment when, from your vantage point, all of your targets have fallen into a line, you bring your medallions into alignment in front of your forehead and speak an invocation.  A brilliant bolt of light shoots from the medallions and travels along an 80-foot line originating from you.  <br>&nbsp;&nbsp;&nbsp;&nbsp;Make a ranged spell attack against each creature in the line, starting with the one closest from you and moving further away.  On a hit, the creature takes 5d6 radiant damage and all subsequent damage rolls made during this spell deal an additional 1d6 damage, stacking up to a maximum of 9d6 total.  On a miss, all subsequent attacks made during this spell gain an additional +1 to hit, stacking up to a maximum of +3.<br><br>Charge: This is a spell that can be Charged, modifying its effects.  Costs and effects are as follow:<ul><li>1 Mana: Before making any of the attacks, deal half of the spell’s initial on-hit damage to yourself and then gain both an additional 1d6 to damage and +1 to hit for the spell’s subsequent attacks.</li><li>2 Mana: Increase the length of the line to 120 feet.</li></ul></p>",icons/magic/nature/moon-crescent.webp
TA1E58P8XATOBEQH,Virulent Outbreak,3,n,evo,y,y,n,,n,,1,action,n,,inst,n,0,self,30,ft,cone,save,"6d4,poison",con,n,"<p>A cloud of dangerous pathogens erupts in a 30-foot cone originating from you and clings to the creatures inside of it.  Choose one of the following @Compendium[undertaking.conditions.9YPWLY1IHQV3MRLO]{Diseases}:<ul><li>Kobold Flu: An infected creature has a -2 penalty to attack rolls and skill checks.</li><li>Lovers’ Pox: An infected creature suffers 2d4 poison damage when it starts its turn within 5 feet of any other creatures.</li><li>Mana Fever: An infected creature must spend 1 extra mana to cast spells and charged versions of cantrips.</li></ul>Each creature in the cone must make a Constitution (Save) check.  On a failed save, a creature takes 6d4 poison damage and becomes temporarily infected with the chosen @Compendium[undertaking.conditions.9YPWLY1IHQV3MRLO]{Disease}.  On a successful save, it takes half damage and is not infected.  An infected creature can repeat the save check at the end of each of its turns, ending the disease on a success.<br>&nbsp;&nbsp;&nbsp;&nbsp;If the creature fails its Constitution (Save) check 5 times, they stop making the save, and the @Compendium[undertaking.conditions.9YPWLY1IHQV3MRLO]{Disease} remains indefinitely.</p>",icons/skills/wounds/blood-cells-disease-green.webp
XJ75LFYCND9DK4GP,Banish,4,y,abj,y,y,y,an item that the target dislikes,n,,1,action,n,1,minute,y,60,ft,1,,creature,save,,pre,n,"<p>Holding forth the components to ward the creature off, you attempt to send one creature that you can see within range to another plane of existence.  The target must succeed on a Presence (Save) check or be banished, remaining in its new plane of existence until the spell ends.  <br>&nbsp;&nbsp;&nbsp;&nbsp;If the target is not native to this plane of existence, it returns to its home plane.  If the spell does not end before 1 minute, the spell does not reverse when it ends, leaving the creature in its home plane.<br>&nbsp;&nbsp;&nbsp;&nbsp;If the target is native to the plane that it is currently in, it is instead banished to a harmless pocket plane.  While there, the target is @Compendium[undertaking.conditions.3CQC3JEY2C3Y721F]{Incapacitated}, and remains there until the spell ends.<br>&nbsp;&nbsp;&nbsp;&nbsp;When the spell ends, the creature reappears in the space it left or in the nearest unoccupied space if that space is occupied.  <br><br>Charge: This spell can be Charged to target more creatures.  <ul><li>2 Mana: 1 extra creature.</li><li>4 Mana: 2 extra creatures.</li><li>6 Mana: 3 extra creatures.</li><li>11 Mana: 4 extra creatures.</li><li>16 Mana: 5 extra creatures.</li></ul></p>",icons/magic/control/energy-stream-link-large-white.webp
WJRECI4EKOPLMTCE,Battle Cloaking,4,n,ill,y,y,y,"A pinch of diamond dust worth at least 100 gold, which the spell consumes",y,100,1,action,n,1,minute,y,0,touch,1,,creature,util,,,n,"You or a creature you touch becomes invisible until the spell ends, and anything the target is wearing and carrying is @Compendium[undertaking.conditions.YE63H7VLOHW7NFHO]{Invisible} as long as it is on the target’s person.",icons/magic/control/silhouette-hold-change-green.webp
Y2H7NNZFXCHUMB33,Divinate,4,n,div,y,y,y,"15gp worth of religion-appropriate offerings, which the spell consumes",y,15,1,minute,y,,inst,n,0,self,,,self,util,,,n,"<p>By placing an offering and praying for a response, you become placed in contact with a deity or a deity’s servant.  You ask a single question about a specific goal, event, or activity to occur within 7 days.  The GM offers a truthful reply.  The reply might be a short phrase, a cryptic rhyme, or an omen.  <br>&nbsp;&nbsp;&nbsp;&nbsp;However, the spell doesn’t take into account any possible circumstances that might change the outcome, such as casting of additional spells or the loss or gain of a companion.  <br>&nbsp;&nbsp;&nbsp;&nbsp;If you cast this spell two or more times before finishing your next long rest, your GM rolls a 1d4.  Depending on how many times the spell has been cast, the chance of it failing goes up.<br>&nbsp;&nbsp;&nbsp;&nbsp;The spell returns a random reading on a roll of 1 on the 2nd casting, 1 or 2 on the 3rd casting, 1-3 on the 4th casting, and automatically returns a random reading on the 5th+ casting.</p>",icons/magic/perception/third-eye-blue-red.webp
0HC21F4SVUGZPWIR,Encapsulate,4,n,evo,y,y,y,a palm sized glass bubble,n,,1,action,n,1,minute,y,30,ft,1,,creature,util,,dex,n,"<p>An iridescent sphere of magical force surrounds the creature or object that you choose of up to Large size or smaller, within range, that you can see.  An unwilling creature may attempt a Dexterity (Save) check to avoid being enclosed.  On a failure, the creature is encapsulated for the duration.<br>&nbsp;&nbsp;&nbsp;&nbsp;Nothing at all, physical objects or attacks, energy, or other spell effects, can pass through this barrier.  In or out.  The creature inside can still breath, however.  This sphere is completely immune to all damage, and as such the creature or object inside can’t be damaged by attacks or effects originating from outside the bubble.  With that in mind, the creature inside can’t damage anything outside of the sphere either.<br>&nbsp;&nbsp;&nbsp;&nbsp;The magical sphere is weightless and forms just large enough to fit the object or creature inside it.  A creature inside the sphere can spend an action to move itself and the bubble up to half its move speed.  As well, the sphere can be picked up and moved.</p>",icons/magic/defensive/barrier-shield-dome-blue-purple.webp
RMO4JFTE8ZFGDWOA,Quicken,4,n,con,y,y,y,a shaving of cocoa,n,,1,action,n,1,minute,y,30,ft,1,,creature,util,,,n,"Your heartbeat quickens and impatience floods your mind.  At the end of each of your turns, move up one space in the initiative order.",icons/magic/time/clock-spinning-gold-pink.webp
7H0M1UB9Z1ZVHSJ0,Remove Arms,4,n,abj,y,y,y,a patch of cloth,n,,1,action,n,1,minute,y,60,ft,1,,object,save,,pre,n,"As an action, you target one weapon that a creature within 60ft of you is holding.  That creature must make a Presence (Save) check against your Spell Save DC.  On failure, the target’s weapon disappears into a pocket plane for the next 1 minute, reappearing at the target’s side at the end of this duration.  If the weapon is magical, the creature makes the (Save) check at advantage.",icons/skills/melee/sword-damaged-broken-glow-red.webp
YL8USCAX1ZTDKOA1,Shapeshift,4,n,tra,y,y,y,a chrysalis,n,,1,action,n,1,hour,y,60,ft,1,,creature,save,,wis,n,"<p>Targeting a creature that you can see, that is within range, you cast this spell in an attempt to transform the target.  An unwilling target may make a Wisdom (Save) check to resist the change.  <br>&nbsp;&nbsp;&nbsp;&nbsp;This transformation lasts for the duration of the spell, or until the target drops to 0 or dies.  The new form assumed by the target can be any beast whose Challenge Rating is equal or lower than the target’s (though for those that don’t have Challenge Ratings, use level).  The target’s game statistics, including all attributes except Intelligence, are replaced by the statistics of the chosen beast.  However, the target does keep its alignment and personality.  <br>&nbsp;&nbsp;&nbsp;&nbsp;The target assumes the hit points of this new form.  When it reverts to its original form, the creature returns to the number of hit points it had before it was transformed.  If it reverts as a result of dropping to 0 hit points, however, any excess damage carries over to its original form.  As long as the excess damage doesn’t reduce the creature’s normal form to or below 0 hit points, it is not knocked unconscious.  <br>&nbsp;&nbsp;&nbsp;&nbsp;The creature is limited in the actions that it can perform by the nature of its new form: it can’t speak, cast spells, or take any action that requires hands or speech.The target’s gear melds into the new form and it cannot activate, use, wield, or otherwise benefit from any of its equipment.</p>",icons/creatures/mammals/wolf-howl-moon-forest-blue.webp
2C1AA6FEY5D1JHV5,Trapdoor Sinkhole,4,n,con,y,y,y,a miniature shovel,n,,1,action,n,1,minute,y,100,ft,5,ft,cube,save,"30,bludgeoning",dex,n,"<p>With a wave of your hand you create a hole with perfectly flat walls leaving only a thin cover over top.  When stepped on the thin cover breaks and swallows up anyone stepping onto it.<br>&nbsp;&nbsp;&nbsp;&nbsp;Upon casting, choose a spot to create the sinkhole; the dimensions are 5-foot-by-5-foot, and 30 feet deep.  The spot chosen must be big enough to fully contain the sinkhole.  Spotting the sinkhole to recognize it is there is a DC 20 Wisdom (Perception) check.  <br>&nbsp;&nbsp;&nbsp;&nbsp;If a creature travels across the space containing the sinkhole, or ends their turn on it, they must immediately make a Dexterity (Save) check.  If the target fails, they fall into the sinkhole and take double falling damage for the distance fallen.  Should the hole not be big enough to contain the creature walking over it, and they fail their save, instead their movement is immediately stopped for that turn and they must make a Strength (Athletics) check to move out of that space.<br>&nbsp;&nbsp;&nbsp;&nbsp;The top of the sinkhole is a magical illusion and stays in place even after a creature has fallen inside it, meaning that other creatures still must make the Wisdom (Perception) check to know the sinkhole’s exact location.  Additionally, a creature cannot see into the hole from outside of it, even if it knows where it is.  However, a creature inside the hole can see out of it.<br>&nbsp;&nbsp;&nbsp;&nbsp;At the end of the spells duration, or if it is ended abruptly, the sinkhole closes and forcefully ejects anything and anyone in it and throws it 5 feet in a random direction.</p>",icons/environment/traps/steel.webp
H2RO4K8JLYTVNEXB,Winter’s Piercing Ray,4,n,evo,y,y,y,a cup of water,n,,1,action,n,,inst,n,0,self,100,ft,line,save,"6d6,cold",con,n,"<p>Summoning forth the chill of winter, a line 100 feet long and 5 feet wide of frozen energy blasts forth from you in a direction you choose.  A creature caught in the line must make a Constitution (Save) check.  On a failed save, a creature takes 6d6 cold damage and has its speed reduced to 0 until the start of your next turn.  The damage is halved on a successful save, and their speed isn’t affected.<br>&nbsp;&nbsp;&nbsp;&nbsp;Any space this line passes over is covered in snow and considered difficult terrain for the next 1 minute after casting.</p>",icons/magic/water/barrier-ice-wall-snow.webp
N2ZSVB7D1W068EWZ,Ashame,5,n,abj,y,y,y,a holy symbol,n,,1,action,n,1,minute,y,60,ft,40,ft,sphere,save,,pre,n,"<p>At a location within range, you create the shining, powerful, and intimidating image of your deity.  Each creature within 40ft of this point that can see the image must make a Presence (Save) check.  On failure, the creature takes 2d10 radiant damage.  <br>&nbsp;&nbsp;&nbsp;&nbsp;If the creature has stolen something, injured another creature, or had rolled a Presence (Deception) or Presence (Intimidation) check within the last 24 hours, the creature also takes an additional 2d10 radiant damage and becomes @Compendium[undertaking.conditions.UK95BQ45TGSD5Q3V]{Frightened} for the duration.  <br>&nbsp;&nbsp;&nbsp;&nbsp;On success in either situation, the creature takes half damage and is not frightened. </p>",icons/environment/settlement/temple-night.webp
QPM2ECCAG51FC9FW,Greater Cure,5,n,abj,y,y,y,"diamond dust worth 100gp, which the spell consumes",y,100,1,action,n,,inst,n,0,touch,1,,creature,util,,,n,"<p>You imbue a creature with immense positive energy, reversing debilitating effects that most other spells cannot cure.  This spell does one of the following effects to the target:<ul><li>Reduce @Compendium[undertaking.conditions.ERBR3AG01H4N1L91]{Exhaustion} by 1 level.</li><li>Remove one effect that @Compendium[undertaking.conditions.KJXJ0T5RPNC51N4V]{Charmed} or @Compendium[undertaking.conditions.AKLQGCY7ULVB4B64]{Petrified} the target.</li><li>Remove one curse.</li><li>Unattune from one item, including attunement to a cursed item.</li><li>Revert any reduction to one of the target’s attributes.</li><li>Remove one effect reducing the target’s hit point maximum.</li><li>Changes one @Compendium[undertaking.conditions.JHOXE7HCCBCD8MSK]{Insane} creature from having Indefinite Insanity to Long-Term Insanity with the same symptoms.  </li><li>Change one @Compendium[undertaking.conditions.JHOXE7HCCBCD8MSK]{Insane} Creature from having Long-Term Insanity to Short-Term Insanity with the same symptoms.</li><li>Cure one creature of Short-Term Insanity.</li><li>You cast @Compendium[undertaking.spells-level-2.N04H7KQXVXSTATL9]{Lesser Cure} on the target.</li><ul></p>",icons/magic/life/heart-hand-gold-green-light.webp
RS1WH90WHNO7H1AR,Kinetic Burst,5,n,evo,y,y,n,,n,,1,action,n,,inst,n,0,self,20,ft,cube,save,"8d6,force",str,n,"<p>With a single motion you fling an enormous amount of mental power outwards in an attempt to throw others backward.  Each creature within a 20 foot cube, originating from you, must make a Strength (Save) check.  On a failed throw, the creature is hurled 30 feet away from you, is knocked prone, and takes 8d6 force damage.  A successful (Save) check causes a creature to take half as much damage, they are not knocked @Compendium[undertaking.conditions.RK3DF56CKMQUV6DM]{Prone}, and they are only moved 5 feet.  <br>&nbsp;&nbsp;&nbsp;&nbsp;In addition, any unsecured objects within range of the area of effect are automatically thrown 30 feet away. </p>",icons/magic/sonic/projectile-sound-rings-wave.webp
84PCT6JT8D1G6SN4,Mind Shackle,5,y,enc,y,y,n,,n,,1,action,n,1,minute,y,60,ft,1,,creature,save,,wis,n,"<p>With a wave of your hands you attempt to force a humanoid that you can see within range to submit to your authority.  The humanoid must make a Wisdom (Save) check, and on a failure it is @Compendium[undertaking.conditions.KJXJ0T5RPNC51N4V]{Charmed} by you for the duration.  Should you, or the creatures that are friendly to you, be fighting the target, it gets advantage on the (Save) check.  <br>&nbsp;&nbsp;&nbsp;&nbsp;While the target is @Compendium[undertaking.conditions.KJXJ0T5RPNC51N4V]{Charmed}, you have a telepathic link with it as long as the two of you are on the same plane of existence.  You can use this telepathic link to issue commands and orders to the creature while you are conscious (no action required).  The target will do its best to obey these orders.  You can give simplistic or general course of action this way, such as ‘attack that person/creature’, ‘go into that corner’, or ‘grab that object’.  If the creature completes an order and it doesn’t receive any further directions from you, it will defend and preserve its own life to the best of its ability, but nothing further.  <br>&nbsp;&nbsp;&nbsp;&nbsp;If you would like to give a more complex and precise order, you can take an action to exert more directed control over the target.  Until the end of your next turn, the creature takes only the actions you choose, and doesn’t do anything that you don’t allow it to do.  During that time you can also have the @Compendium[undertaking.conditions.KJXJ0T5RPNC51N4V]{Charmed} creature use its reaction, at the cost of your own reaction.  <br>&nbsp;&nbsp;&nbsp;&nbsp;Each time the target takes damage, it makes a new Wisdom (Save) check against the spell.  Should it pass the save, then the effects of the spell end.  <br><br>Charge: This spell can be Charged to have a longer duration <ul><li>2 mana: Concentration can be held for 1 hour</li><li>4 mana: Concentration can be held for 8 hours</li></ul></p>",icons/magic/control/control-influence-puppet.webp
XMHUH8GHDDFKWRSS,Noxious Wave,5,n,nec,n,y,n,,n,,1,action,n,1,minute,y,0,self,30,ft,sphere,save,"3d6,poison",con,n,"<p>A cloud infused with the powers of death bursts out from you and causes those who breath it to begin to rot from the inside.  <br>&nbsp;&nbsp;&nbsp;&nbsp;A cloud of gas spreads out in a 30 foot radius around you.  Each creature that you choose, that is hit by the cloud, must make a Constitution (Save) check.  On a failed (Save) check, a creature takes 3d6 poison damage, as well as 3d6 necrotic damage, and is @Compendium[undertaking.conditions.9X088PM7H5U2S1HQ]{Sickened}.  On a success the creature takes half damage and is not @Compendium[undertaking.conditions.9X088PM7H5U2S1HQ]{Sickened}.  <br>&nbsp;&nbsp;&nbsp;&nbsp;The gas cloud stays active up to 1 minute if the caster concentrates to keep it going, but stays stationary.  Creatures that pass through the cloud, or end their turn within it, must make a Constitution (Save) check.  On a success, nothing happens and they pass through it without harm.  On a failure, creatures suffer 2d6 poison damage and 1d6 necrotic damage.  Additionally, should a creature that was @Compendium[undertaking.conditions.9X088PM7H5U2S1HQ]{Sickened} fail a Constitution (Save) check against this effect, they become @Compendium[undertaking.conditions.SRRBLPRSJWGUR551]{Poisoned}.</p>",icons/magic/acid/dissolve-pool-bubbles.webp
LAT1CHJ5SCDL566O,Reincarnate,5,n,tra,y,y,y,"a collection of rare minerals, metals, and water, altogether worth at least 1,000 gp, which the spell consumes",y,1000,1,hour,n,,inst,n,0,touch,1,,creature,util,,,n,"<p>Touching at least a piece of a dead creature, you attempt to find the creature's soul to bring back to life in a new body.  <br>&nbsp;&nbsp;&nbsp;&nbsp;Provided that the creature has been dead for no longer than 10 days, the spell forms a new adult body from the material components and calls for the soul to enter that body.  If the target's soul is free and willing to do so, the soul can enter into the body and take control of it, otherwise the spell fails and the body instantly decays.  <br>&nbsp;&nbsp;&nbsp;&nbsp;The body is fashioned from this spell by calling upon a deity, nature, spirits, or the world itself to help meld the body, and as such is unstable until the soul enters it, meaning that the body's final form is out of your control, likely causing the creature's race to change.  The GM may choses a form that best suits the will of the force which you called upon when casting the spell, or may roll for the result.  If so, the GM counts how many core races are available in this campaign and lines them up in alphabetical order on the following table and rolls a d100, rerolling if the result is empty.  <br>&nbsp;&nbsp;&nbsp;&nbsp;The DM may use a smaller die roll if the Total Available Core Races + 1 is smaller than 100. <table><tbody><tr><td><p><strong>1d100 Result</strong></p></td><td><p><strong>Core Race</strong></p></td></tr><tr><td><p>1</p></td><td><p><em>*Race 1*</em></p></td></tr><tr><td><p>2</p></td><td><p><em>*Race 2*</em></p></td></tr><tr><td><p>3</p></td><td><p><em>*Race 3*</em></p></td></tr><tr><td><p>...</p></td><td><p>...</p></td></tr><tr><td><p>99</p></td><td><p><em>*Race 99*</em></p></td></tr><tr><td><p>100</p></td><td><p>Re-roll, but when you roll for a random Branch Race ignore compatibility and roll for any Branch Race</p></td></tr></tbody></table><br>&nbsp;&nbsp;&nbsp;&nbsp;Once the core race is decided, fill in the above table with Branch Races that are compatible with the resulting Core Race and roll on that table.  <br>&nbsp;&nbsp;&nbsp;&nbsp;The reincarnated creature recalls its former life and experiences, retains its capabilities it had in its original form, but exchanges its original racial traits accordingly.</p>",icons/magic/holy/angel-winged-humanoid-blue.webp
LE5BM8DCSZCPUGMV,Telekinetic Might,5,n,evo,y,y,n,,n,,1,action,n,10,minute,y,30,ft,1,,object,util,,,n,"<p>You force your will upon your surroundings and can manipulate the physical world with your mental power.  When you cast this spell, and as an action each round for the duration, you can exert your will on one creature or object that you can see within range, causing the effects described below for the appropriate target.  You can affect the same target round after round, or choose a new one at any time during the duration.  If you switch targets, the prior target is no longer affected by the spell.  <br>&nbsp;&nbsp;&nbsp;&nbsp;Creature: Using this spell you can try to move up to a Huge or smaller creature.  To do so, make a skill check with your spellcasting ability contested by the creature’s Strength check.  If you win the contest, you can move the creature up to 30 feet in any direction, including upwards, though you cannot move them further away from yourself than the range of the spell would allow.  Until the end of your next turn, the creature is restrained in your telekinetic grip.  If you lift the creature upwards, it is also suspended in mid-air.  <br>&nbsp;&nbsp;&nbsp;&nbsp;On subsequent rounds, you can use your action to attempt to maintain your telekinetic grip by repeating the contest described above.  <br>&nbsp;&nbsp;&nbsp;&nbsp;Object: You can also attempt to move an object up to 1000 pounds.  If the object is unattended (not being worn or carried) then you automatically move it up to 30 feet in any direction, but not beyond the reach of the spell.  <br>&nbsp;&nbsp;&nbsp;&nbsp;If the object is on someone’s person, or being carried or held, you must make a skill check using your spellcasting ability against the creature’s Strength check.  If you succeed, you can move the object up to 30 feet in any direction so long as it does not go beyond the range of the spell.  <br>&nbsp;&nbsp;&nbsp;&nbsp;As well, you have fine control over objects in your telekinetic grip.  Meaning you can do things such as manipulating a simple tool, opening a door, stowing or retrieving an item, or pouring out the contents of a vial.</p>",icons/magic/control/buff-strength-muscle-damage-red.webp
J9QLMOBH6NXLN5OQ,Telepathic Network,5,n,div,y,y,y,a piece of thread with eight knots tied in it,n,,1,action,n,1,hour,n,30,ft,8,,creature,util,,,n,"<p>You build a telepathic link among up to eight willing creatures of your choice within range that you can see, forging a psychic bond between each creature to all the others for the duration.  Creatures with an Intelligence score of 2 or less are not affected by this spell.<br>&nbsp;&nbsp;&nbsp;&nbsp;The targets can communicate telepathically through the forged link whether they share a common language or not, for as long as the spell lasts.  This communication is possible over any distance, however, it does not stretch across planes.</p>",icons/skills/wounds/anatomy-organ-brain-pink-red.webp
IGNKJCNA0BXYD1OT,Unnatural Recovery,5,n,evo,y,n,y,1 vial of juice,n,,1,action,n,1,minute,y,0,touch,1,,creature,heal,"1d4,healing",,n,"<p>Pulsing magic through your systems, your natural healing abilities kick in faster and more notably than expected.  The target may immediately spend 1 hit die to restore their hit points.  At the start of each of their subsequent turns for the duration, they restore an additional 1d4 hit points.  <br>&nbsp;&nbsp;&nbsp;&nbsp;If the spell lasts its full duration, the target can regain the hit die it spent as part of this spell.</p>",icons/skills/wounds/blood-cells-vessel-blue.webp
NOK5D400Y0BRTL1N,Concussive Force,6,n,evo,y,y,y,a small jade bead,n,,1,action,n,,inst,n,120,ft,20,ft,sphere,save,"10d6,force",str,n,"A ball of condensed air appears in your hand as you reel back your arm and throw it at a point within range that you can see.  Every creature within a 20 foot radius sphere originating from that point must make a Strength (Save) check.  On failure, they take 10d6 force damage, and are knocked @Compendium[undertaking.conditions.RK3DF56CKMQUV6DM]{Prone}.  On success, they take half as much damage and are not knocked @Compendium[undertaking.conditions.RK3DF56CKMQUV6DM]{Prone}.",icons/magic/air/wind-vortex-swirl-blue-purple.webp
5QKNDIU0N7AOHVQT,Grave Ring,6,n,nec,y,y,y,powder from a crushed black gemstone worth at least 500 gp,n,500,1,action,n,,inst,n,150,ft,60,ft,sphere,save,"8d6,necrotic",con,n,"A ring of black flames appears and spins out into a 60 foot radius sphere from a point of your choosing that is within range that you can see.  All creatures caught in the area must make a Constitution (Save) check.  On a failed save the target takes 8d6 necrotic damage, or half as much on a successful save.",icons/magic/unholy/barrier-fire-pink.webp
3I736YDSAFN1B3E3,Hundred Spear Assault,6,n,evo,y,y,y,miniature spear totem,n,,1,action,n,,inst,n,0,self,100,ft,line,save,"7d6,piercing,4d6,force",dex,n,"At your call, a hundred ghostly spears are volleyed forward and fall in a line that is 100 feet long and 10 feet wide in a direction that you choose.  Creatures caught in the line must make a Dexterity (Save) check.  On failure, they take 7d6 piercing damage and 4d6 force damage, and have their speed reduced to 0 feet until the end of their next turn as the piercing spears hold targets in place.  On success, they take half damage and do not have their speed reduced.",icons/skills/melee/spear-tips-quintuple-orange.webp
J3C64S01EREH1FZZ,Null Field,6,y,abj,y,y,y,an engraved crystal bead that shatters when the spell ends,y,,1,action,n,1,minute,y,0,self,10,ft,sphere,util,,,n,"<p>A shimmering field appears as an immobile barrier that forms in a 10 foot radius centered around you and remains for the duration.<br>&nbsp;&nbsp;&nbsp;&nbsp;Any spell that is of 5th level or lower cast from outside the barrier has no effect on creatures and objects within it, even if the spell is Charged to have a more powerful effect.  Such spells can target creatures and objects within the barrier, but the spell will have no effect on them.  As well, the area within the barrier is excluded from the areas of affect from spells of these levels.<br><br>Charge: This spell can be Charged to provide better protection:<ul><li>2 Mana: Spells of up to 6th level cannot penetrate the barrier.</li></ul></p>",icons/magic/defensive/barrier-shield-dome-pink.webp
5RC7X7J6H9UK5K29,Restore,6,y,evo,y,y,n,,n,,1,action,n,,inst,n,60,ft,1,,creature,heal,"70,healing",,n,"<p>A creature that you can see within range is overwhelmed by restorative energy.  This creature regains 70 hit points, and is cured of @Compendium[undertaking.conditions.ADW4EH0NKRDCRCA4]{Blindness}, @Compendium[undertaking.conditions.WK17M9FZR08DRUP1]{Deafness}, and any @Compendium[undertaking.conditions.9YPWLY1IHQV3MRLO]{Disease} affecting it.  This spell has no effect on constructs or undead.  <br><br>Charge: This spell can be charged to provide better protection:<ul><li>2 Mana: The creature recovers 10 more hit points.</li></ul></p>",icons/magic/life/heart-cross-strong-flame-green.webp
GAC3VH4EZJOKZ8U0,Ruin,6,n,nec,y,y,n,,n,,1,action,n,,inst,n,60,ft,1,,creature,save,"14d6,necrotic",con,n,"<p>You magically unleash a vicious disease on the immune system of a creature that you can see within range.  The target must make a Constitution (Save) check.  On failure, it takes 14d6 necrotic damage and contracts Ruin Disease.  On success, the target takes half damage and is not @Compendium[undertaking.conditions.9YPWLY1IHQV3MRLO]{Diseased}.  The damage cannot reduce the target’s hit points below 1.  <br><br><i>Ruin Disease:</i> The target’s hit point maximum is reduced by the same amount as the damage dealt when contracted to a minimum of 1 hit point, and remains this way until cured or until 1 hour passes.</p>",icons/magic/death/hand-withered-gray.webp
8HOLU9HRLA5TTMWE,Sonic Shatter Spike,6,n,evo,y,y,n,,n,,1,action,n,,inst,n,60,ft,10,ft,sphere,rsak,"6d10,piercing,4d6,piercing,5d6,force",dex,n,"<p>A large crystalline shard of aether materializes before you and rushes towards a target that you choose that you can see within range.  Roll a ranged spell attack.  On hit, the target takes 6d10 piercing damage.  In either case the shard explodes, causing all creatures within 10 feet of the initial target to make a Dexterity (Save) check.  On failure, that creature takes 4d6 piercing damage, or half as much on a success. <br>&nbsp;&nbsp;&nbsp;&nbsp;At the beginning of your next turn all creatures injured or affected by this spell must make a Constitution (Save) check as the crystalline shards that hit them shatter in a sonic blast.  On a failure, a target takes 5d6 force damage, but takes half as much damage on a success.</p>",icons/magic/sonic/explosion-shock-wave-teal.webp
